aX,aY,aZ,gX,gY,gZ
-8.523,-5.239,28.486,-1.210,0.078,0.791
-8.629,-5.899,30.133,-1.084,0.088,0.855
-8.705,-6.598,31.445,-0.875,0.119,0.898
-8.815,-7.207,32.188,-0.634,0.153,0.912
-8.959,-7.724,32.494,-0.379,0.149,0.875
-9.294,-8.260,32.456,-0.133,0.129,0.824
-9.811,-8.768,32.202,0.109,-0.041,0.724
-10.175,-9.294,31.900,0.383,-0.266,0.612
-10.621,-10.027,31.436,0.702,-0.494,0.496
-11.339,-10.942,30.627,1.147,-0.755,0.397
-12.100,-11.736,29.717,1.591,-0.983,0.378
-12.823,-12.455,28.534,2.083,-1.220,0.444
-13.317,-12.977,27.021,2.613,-1.489,0.594
-12.986,-13.053,25.110,3.117,-1.755,0.797
-11.727,-12.742,22.520,3.635,-1.948,1.035
-10.467,-12.263,20.083,3.994,-2.016,1.195
-9.175,-11.751,17.703,4.270,-2.028,1.300
-7.982,-11.109,15.366,4.366,-1.959,1.357
-6.948,-10.348,13.063,4.366,-1.823,1.376
-6.177,-9.534,10.774,4.366,-1.641,1.374
-5.598,-8.653,8.303,4.366,-1.439,1.365
-5.109,-7.997,6.503,4.366,-1.286,1.377
-4.520,-7.365,5.009,4.362,-1.160,1.393
-3.864,-6.709,3.730,4.228,-1.072,1.393
-3.184,-6.129,2.658,4.091,-1.006,1.374
-2.552,-5.631,1.805,3.963,-0.934,1.340
-2.102,-5.239,1.097,3.841,-0.856,1.297
-1.695,-4.966,0.407,3.721,-0.791,1.258
-1.341,-4.487,-0.211,3.698,-0.731,1.236
-1.001,-3.946,-0.871,3.517,-0.726,1.177
-0.450,-3.577,-1.341,3.288,-0.704,1.102
-0.038,-3.242,-1.733,3.065,-0.635,1.011
0.192,-2.868,-2.121,2.843,-0.616,0.884
0.345,-2.586,-2.294,2.616,-0.599,0.742
0.340,-2.456,-2.298,2.405,-0.574,0.606
0.297,-2.456,-2.236,2.236,-0.556,0.472
0.144,-2.485,-2.193,2.105,-0.548,0.341
-0.172,-2.490,-2.174,2.009,-0.583,0.216
-0.527,-2.519,-2.069,1.941,-0.635,0.104
-0.924,-2.509,-1.944,1.896,-0.701,0.015
-1.331,-2.447,-1.939,1.866,-0.758,-0.044
-1.638,-2.270,-2.083,1.823,-0.822,-0.071
-1.709,-1.987,-2.255,1.747,-0.889,-0.074
-1.575,-1.686,-2.260,1.632,-0.922,-0.053
-1.360,-1.408,-2.088,1.507,-0.917,-0.017
-1.101,-1.192,-1.767,1.372,-0.893,0.021
-0.828,-0.958,-1.413,1.242,-0.830,0.062
-0.551,-0.699,-1.020,1.123,-0.753,0.103
-0.249,-0.469,-0.603,1.028,-0.668,0.137
0.053,-0.225,-0.268,0.958,-0.565,0.165
0.273,0.062,0.005,0.902,-0.458,0.193
0.474,0.378,0.220,0.851,-0.364,0.216
0.646,0.718,0.354,0.807,-0.288,0.234
0.833,1.058,0.460,0.753,-0.230,0.244
0.953,1.384,0.541,0.682,-0.186,0.249
1.082,1.690,0.709,0.595,-0.176,0.242
1.188,1.911,1.092,0.508,-0.184,0.233
1.274,2.025,1.590,0.441,-0.209,0.220
1.336,2.112,2.169,0.400,-0.233,0.209
1.331,2.198,2.768,0.377,-0.255,0.207
1.355,2.260,3.366,0.383,-0.270,0.222
1.470,2.399,3.816,0.414,-0.255,0.247
1.676,2.720,3.974,0.442,-0.212,0.266
1.939,3.117,3.903,0.443,-0.150,0.266
2.097,3.486,3.826,0.407,-0.092,0.237
2.116,3.697,3.869,0.343,-0.046,0.189
1.997,3.802,3.984,0.274,-0.014,0.136
1.911,3.912,4.161,0.205,0.016,0.084
1.815,4.051,4.295,0.138,0.040,0.034
1.709,4.180,4.424,0.065,0.053,-0.019
1.566,4.295,4.587,-0.017,0.057,-0.070
1.441,4.377,4.913,-0.096,0.060,-0.116
1.269,4.424,5.329,-0.171,0.070,-0.150
1.039,4.420,5.751,-0.233,0.082,-0.169
0.824,4.386,6.196,-0.277,0.088,-0.177
0.637,4.353,6.675,-0.302,0.094,-0.172
0.565,4.353,7.058,-0.314,0.112,-0.157
0.484,4.367,7.350,-0.317,0.140,-0.141
0.417,4.405,7.513,-0.319,0.154,-0.128
0.402,4.429,7.705,-0.335,0.148,-0.127
0.402,4.386,7.963,-0.357,0.146,-0.138
0.402,4.271,8.255,-0.378,0.148,-0.157
0.302,4.118,8.624,-0.391,0.165,-0.177
0.148,3.960,8.940,-0.390,0.184,-0.195
-0.053,3.836,9.175,-0.379,0.205,-0.213
-0.283,3.749,9.313,-0.361,0.217,-0.226
-0.503,3.673,9.400,-0.341,0.222,-0.237
-0.675,3.620,9.510,-0.319,0.229,-0.245
-0.843,3.577,9.548,-0.294,0.230,-0.250
-1.015,3.505,9.634,-0.270,0.224,-0.252
-1.211,3.443,9.711,-0.245,0.209,-0.250
-1.408,3.414,9.744,-0.222,0.187,-0.242
-1.575,3.385,9.783,-0.208,0.166,-0.227
-1.652,3.342,9.855,-0.204,0.162,-0.200
-1.700,3.314,9.955,-0.205,0.179,-0.164
-1.657,3.323,10.051,-0.208,0.208,-0.130
-1.585,3.352,10.147,-0.214,0.251,-0.099
-1.547,3.405,10.175,-0.214,0.294,-0.074
-1.566,3.428,10.171,-0.208,0.332,-0.064
-1.714,3.452,10.084,-0.200,0.361,-0.055

-10.994,-4.171,26.758,-0.246,-0.317,0.675
-11.277,-4.654,27.653,-0.128,-0.223,0.800
-11.593,-5.138,28.113,0.027,-0.139,0.919
-11.933,-5.717,28.213,0.217,-0.058,1.043
-12.263,-6.177,27.940,0.347,-0.005,1.134
-12.550,-6.656,27.543,0.426,0.023,1.213
-12.737,-7.106,27.021,0.481,0.010,1.275
-12.785,-7.532,26.451,0.531,-0.048,1.321
-12.780,-8.083,26.049,0.603,-0.133,1.364
-12.761,-8.744,25.666,0.734,-0.244,1.403
-12.512,-9.380,24.876,0.953,-0.409,1.423
-12.167,-9.740,23.803,1.166,-0.558,1.418
-11.760,-9.912,22.429,1.369,-0.715,1.382
-11.277,-9.998,21.016,1.553,-0.868,1.311
-10.975,-10.175,19.671,1.727,-1.032,1.246
-10.851,-10.477,18.828,1.945,-1.290,1.174
-10.554,-10.946,18.158,2.270,-1.526,1.154
-10.156,-11.128,16.683,2.779,-1.703,1.202
-9.673,-10.827,14.533,3.247,-1.834,1.272
-8.892,-10.151,11.813,3.674,-1.915,1.341
-8.188,-9.218,8.882,3.980,-1.930,1.388
-7.183,-8.337,5.602,4.181,-1.903,1.431
-6.292,-7.163,2.686,4.314,-1.864,1.424
-5.689,-6.067,0.115,4.330,-1.851,1.411
-4.951,-5.013,-1.891,4.227,-1.851,1.416
-4.075,-4.013,-3.443,4.017,-1.793,1.466
-3.103,-3.098,-4.544,3.721,-1.686,1.548
-1.810,-2.188,-5.296,3.319,-1.492,1.638
-0.484,-1.508,-5.622,2.954,-1.249,1.696
0.747,-0.934,-5.746,2.589,-0.928,1.714
1.791,-0.402,-5.732,2.241,-0.592,1.678
2.586,0.053,-5.550,1.923,-0.288,1.593
3.103,0.426,-5.253,1.649,-0.043,1.457
3.170,0.536,-4.736,1.413,0.073,1.285
2.964,0.350,-3.850,1.271,0.102,1.124
2.538,0.201,-3.060,1.225,0.082,1.000
2.145,0.192,-2.576,1.234,0.025,0.907
1.810,0.316,-2.437,1.261,-0.053,0.838
1.618,0.517,-2.394,1.277,-0.174,0.769
1.547,0.594,-2.255,1.270,-0.310,0.707
1.470,0.613,-1.891,1.271,-0.444,0.651
1.422,0.555,-1.437,1.287,-0.596,0.595
1.547,0.584,-1.034,1.311,-0.726,0.539
1.772,0.546,-0.656,1.325,-0.799,0.482
2.006,0.661,-0.532,1.321,-0.790,0.416
2.093,0.781,-0.512,1.280,-0.748,0.331
2.107,0.833,-0.445,1.209,-0.677,0.234
1.800,0.891,-0.359,1.123,-0.594,0.139
1.341,0.967,-0.259,1.038,-0.536,0.067
0.934,1.097,-0.144,0.945,-0.491,0.039
0.718,1.231,-0.024,0.847,-0.463,0.035
0.771,1.398,0.192,0.734,-0.449,0.038
0.915,1.628,0.517,0.607,-0.447,0.028
1.025,1.748,0.982,0.476,-0.452,0.005
1.135,1.767,1.609,0.363,-0.439,-0.016
1.207,1.753,2.274,0.282,-0.391,-0.032
1.207,1.805,2.816,0.222,-0.311,-0.040
1.140,1.882,3.280,0.173,-0.225,-0.049
0.972,1.901,3.706,0.137,-0.153,-0.052
0.704,1.906,4.089,0.114,-0.092,-0.046
0.388,2.002,4.458,0.091,-0.047,-0.029
0.172,2.169,4.755,0.064,-0.012,0.000
0.053,2.351,5.018,0.029,0.024,0.035
0.034,2.528,5.248,-0.010,0.071,0.064
0.014,2.701,5.464,-0.057,0.110,0.083
0.014,2.811,5.751,-0.108,0.135,0.091
0.053,2.844,6.134,-0.150,0.152,0.085
0.038,2.844,6.517,-0.177,0.169,0.076
-0.024,2.840,6.843,-0.184,0.167,0.066
-0.048,2.892,7.149,-0.184,0.153,0.056
-0.043,2.974,7.460,-0.178,0.137,0.048
-0.014,3.026,7.719,-0.165,0.117,0.036
0.010,3.117,7.834,-0.151,0.096,0.013
0.043,3.261,7.939,-0.148,0.066,-0.026
0.005,3.352,8.078,-0.157,0.037,-0.081
-0.177,3.347,8.274,-0.169,0.021,-0.134
-0.441,3.309,8.485,-0.178,0.010,-0.172
-0.651,3.227,8.710,-0.185,0.006,-0.190
-0.785,3.189,8.950,-0.185,0.005,-0.197
-0.905,3.160,9.112,-0.189,0.012,-0.202
-1.025,3.103,9.294,-0.190,0.036,-0.202
-1.188,2.993,9.452,-0.189,0.100,-0.183
-1.417,2.907,9.591,-0.181,0.136,-0.167
-1.494,2.854,9.773,-0.168,0.165,-0.141
-1.585,2.849,9.831,-0.152,0.219,-0.111
-1.609,2.887,9.874,-0.137,0.245,-0.092
-1.638,2.926,9.864,-0.122,0.272,-0.088
-1.781,2.954,9.792,-0.114,0.286,-0.099
-1.954,2.983,9.716,-0.108,0.278,-0.121
-2.227,2.978,9.673,-0.107,0.252,-0.145
-2.552,2.868,9.692,-0.104,0.225,-0.154
-2.887,2.811,9.658,-0.086,0.157,-0.157
-3.002,2.739,9.649,-0.069,0.095,-0.142
-3.065,2.715,9.591,-0.052,0.061,-0.112
-2.998,2.725,9.553,-0.041,0.014,-0.081
-2.806,2.768,9.419,-0.033,0.009,-0.055
-2.701,2.859,9.270,-0.036,0.029,-0.036
-2.672,2.950,9.108,-0.054,0.049,-0.023
-2.667,3.026,8.978,-0.084,0.064,-0.008
-2.552,3.065,8.993,-0.120,0.080,0.007

-7.934,-5.775,27.117,0.185,0.185,1.140
-8.552,-5.957,27.739,0.250,0.260,1.079
-9.625,-6.340,28.237,0.324,0.228,0.980
-10.640,-6.857,28.491,0.395,0.092,0.883
-11.641,-7.374,28.510,0.471,-0.114,0.792
-12.498,-8.102,28.457,0.568,-0.385,0.711
-13.331,-9.103,28.678,0.726,-0.706,0.658
-14.107,-10.386,29.348,1.008,-1.042,0.655
-14.600,-11.641,29.746,1.423,-1.286,0.726
-14.787,-12.397,29.133,1.939,-1.419,0.857
-14.624,-12.503,27.179,2.502,-1.501,1.009
-14.207,-12.345,24.847,2.854,-1.553,1.096
-13.824,-12.024,22.443,3.110,-1.581,1.154
-13.527,-11.736,20.260,3.279,-1.617,1.214
-13.101,-11.526,18.344,3.397,-1.639,1.299
-12.450,-11.229,16.166,3.510,-1.615,1.434
-11.736,-10.884,14.303,3.596,-1.574,1.559
-10.769,-10.482,12.450,3.680,-1.497,1.687
-9.725,-9.955,10.491,3.750,-1.342,1.799
-8.768,-9.352,8.432,3.791,-1.164,1.873
-7.882,-8.672,6.393,3.795,-1.016,1.900
-7.087,-7.901,4.424,3.754,-0.915,1.882
-6.330,-7.005,2.394,3.643,-0.831,1.835
-5.842,-6.230,0.919,3.493,-0.754,1.809
-5.401,-5.440,-0.345,3.269,-0.681,1.814
-4.731,-4.755,-1.288,3.054,-0.600,1.864
-3.792,-4.075,-2.011,2.847,-0.503,1.936
-2.452,-3.366,-2.595,2.634,-0.405,1.980
-0.977,-2.662,-3.108,2.417,-0.223,2.001
0.335,-1.925,-3.701,2.196,-0.070,1.954
1.547,-1.274,-4.195,1.960,0.020,1.827
2.413,-0.690,-4.621,1.724,0.082,1.650
2.729,-0.441,-4.468,1.495,0.061,1.438
2.591,-0.503,-3.663,1.361,-0.005,1.268
2.284,-0.694,-2.705,1.332,-0.061,1.162
2.030,-0.728,-2.045,1.385,-0.092,1.113
1.954,-0.584,-1.762,1.452,-0.150,1.070
2.030,-0.316,-1.748,1.499,-0.181,1.022
1.930,0.000,-1.935,1.516,-0.197,0.964
1.800,0.283,-1.954,1.488,-0.257,0.909
1.772,0.402,-1.709,1.439,-0.319,0.867
1.796,0.474,-1.437,1.393,-0.377,0.838
1.968,0.603,-1.298,1.353,-0.438,0.811
2.308,0.824,-1.221,1.315,-0.485,0.770
2.662,1.053,-1.188,1.271,-0.496,0.704
2.892,1.255,-1.207,1.215,-0.487,0.614
2.959,1.475,-1.293,1.140,-0.465,0.509
2.849,1.657,-1.331,1.042,-0.441,0.404
2.682,1.800,-1.326,0.919,-0.425,0.308
2.480,1.944,-1.207,0.772,-0.433,0.209
2.260,2.011,-0.819,0.613,-0.456,0.098
1.906,1.939,-0.187,0.458,-0.466,-0.004
1.451,1.824,0.584,0.338,-0.461,-0.073
1.034,1.724,1.322,0.250,-0.432,-0.100
0.766,1.705,2.002,0.183,-0.370,-0.093
0.627,1.695,2.552,0.127,-0.303,-0.073
0.560,1.604,3.117,0.087,-0.229,-0.051
0.479,1.551,3.658,0.067,-0.138,-0.030
0.350,1.528,4.027,0.062,-0.037,-0.013
0.215,1.561,4.243,0.058,0.049,-0.003
0.034,1.633,4.386,0.044,0.113,-0.000
-0.158,1.686,4.515,0.023,0.143,-0.005
-0.354,1.748,4.697,-0.001,0.149,-0.009
-0.479,1.848,4.855,-0.024,0.145,-0.011
-0.546,1.992,5.052,-0.042,0.141,-0.011
-0.589,2.164,5.133,-0.059,0.129,-0.016
-0.613,2.342,5.162,-0.083,0.110,-0.027
-0.661,2.485,5.229,-0.119,0.085,-0.047
-0.795,2.562,5.406,-0.164,0.040,-0.068
-0.852,2.485,5.880,-0.203,-0.016,-0.084
-0.785,2.404,6.426,-0.223,-0.060,-0.105
-0.723,2.394,6.886,-0.233,-0.086,-0.133
-0.795,2.380,7.250,-0.240,-0.101,-0.164
-0.924,2.380,7.666,-0.248,-0.101,-0.184
-1.073,2.361,7.987,-0.255,-0.071,-0.185
-1.178,2.375,8.217,-0.262,-0.017,-0.172
-1.231,2.418,8.423,-0.266,0.042,-0.152
-1.226,2.456,8.581,-0.266,0.094,-0.139
-1.235,2.519,8.691,-0.262,0.134,-0.141
-1.355,2.538,8.763,-0.258,0.167,-0.154
-1.585,2.509,8.835,-0.252,0.176,-0.168
-1.839,2.461,8.950,-0.247,0.173,-0.173
-2.035,2.423,9.069,-0.239,0.152,-0.166
-2.112,2.380,9.227,-0.232,0.124,-0.156
-2.078,2.375,9.376,-0.228,0.099,-0.154
-2.145,2.385,9.553,-0.226,0.080,-0.161
-2.251,2.365,9.797,-0.224,0.072,-0.164
-2.327,2.365,9.941,-0.215,0.080,-0.160
-2.389,2.466,9.941,-0.205,0.100,-0.154
-2.490,2.523,9.869,-0.207,0.111,-0.153
-2.567,2.547,9.855,-0.218,0.115,-0.151
-2.648,2.500,9.907,-0.227,0.110,-0.151
-2.705,2.385,10.022,-0.228,0.104,-0.148
-2.777,2.313,10.056,-0.222,0.096,-0.144
-2.863,2.279,10.056,-0.216,0.083,-0.136
-2.892,2.260,10.022,-0.213,0.076,-0.123
-2.863,2.241,10.032,-0.213,0.088,-0.105
-2.801,2.270,10.060,-0.207,0.112,-0.088
-2.835,2.308,9.965,-0.199,0.137,-0.080
-2.868,2.394,9.840,-0.195,0.146,-0.075

-9.452,-6.555,25.551,-0.137,-0.059,0.706
-9.677,-6.761,26.375,0.020,-0.014,0.794
-9.984,-6.934,26.959,0.167,0.024,0.855
-10.405,-7.293,27.466,0.322,0.055,0.896
-10.937,-7.843,27.926,0.497,0.073,0.922
-11.473,-8.499,28.213,0.709,0.060,0.939
-12.067,-9.117,28.252,0.960,0.003,0.959
-12.646,-9.663,27.945,1.236,-0.092,0.991
-13.154,-10.104,27.208,1.534,-0.223,1.037
-13.633,-10.338,25.920,1.885,-0.460,1.098
-13.819,-10.391,24.603,2.171,-0.726,1.152
-13.771,-10.319,23.305,2.431,-1.012,1.214
-13.551,-10.190,21.964,2.676,-1.287,1.282
-13.077,-9.984,20.662,2.897,-1.549,1.353
-12.392,-9.754,19.450,3.093,-1.750,1.421
-11.444,-9.534,18.062,3.300,-1.880,1.491
-10.640,-9.371,16.817,3.466,-1.917,1.524
-10.008,-9.189,15.385,3.619,-1.910,1.530
-9.457,-8.973,13.810,3.752,-1.848,1.518
-9.060,-8.729,12.096,3.858,-1.763,1.498
-8.849,-8.394,10.309,3.920,-1.683,1.475
-8.748,-7.958,8.538,3.932,-1.631,1.465
-8.643,-7.503,6.924,3.888,-1.588,1.485
-8.394,-6.972,5.464,3.795,-1.525,1.553
-7.958,-6.426,4.243,3.656,-1.441,1.655
-7.120,-5.827,3.342,3.480,-1.334,1.783
-5.727,-5.143,2.653,3.261,-1.162,1.933
-4.305,-4.554,2.164,3.090,-0.962,2.032
-2.854,-3.922,1.686,2.934,-0.714,2.093
-1.437,-3.251,1.053,2.792,-0.442,2.101
-0.268,-2.586,0.235,2.641,-0.178,2.049
0.570,-1.901,-0.728,2.474,0.039,1.937
1.039,-1.231,-1.796,2.284,0.181,1.782
1.164,-0.747,-2.662,2.065,0.230,1.628
1.164,-0.469,-3.089,1.843,0.197,1.492
1.245,-0.345,-3.069,1.659,0.100,1.378
1.460,-0.239,-2.892,1.516,-0.020,1.274
1.776,-0.124,-2.725,1.406,-0.130,1.163
1.968,0.029,-2.591,1.319,-0.226,1.030
2.011,0.120,-2.423,1.244,-0.305,0.890
1.824,0.192,-2.121,1.180,-0.364,0.768
1.575,0.163,-1.729,1.139,-0.429,0.678
1.384,0.105,-1.231,1.131,-0.485,0.625
1.250,0.000,-0.704,1.159,-0.533,0.604
1.202,-0.024,-0.292,1.205,-0.557,0.605
1.250,0.053,-0.110,1.242,-0.562,0.606
1.446,0.158,-0.062,1.248,-0.549,0.590
1.690,0.254,-0.024,1.218,-0.513,0.549
1.848,0.373,0.048,1.149,-0.459,0.475
1.800,0.512,0.153,1.055,-0.393,0.379
1.528,0.594,0.354,0.951,-0.333,0.285
1.130,0.622,0.603,0.855,-0.269,0.217
0.713,0.675,0.814,0.770,-0.207,0.188
0.402,0.852,0.910,0.702,-0.174,0.187
0.493,1.082,0.972,0.623,-0.134,0.196
0.479,1.355,0.948,0.522,-0.066,0.212
0.565,1.633,1.044,0.402,-0.085,0.202
0.819,1.729,1.365,0.264,-0.079,0.186
0.962,1.776,1.853,0.125,-0.036,0.162
1.020,1.762,2.442,-0.005,-0.001,0.126
1.034,1.652,3.179,-0.103,0.040,0.085
0.838,1.504,4.032,-0.153,0.103,0.052
0.512,1.446,4.702,-0.146,0.185,0.036
0.182,1.551,5.023,-0.110,0.269,0.031
-0.168,1.757,5.061,-0.076,0.324,0.033
-0.460,1.987,4.980,-0.062,0.330,0.036
-0.618,2.160,4.990,-0.068,0.289,0.038
-0.699,2.274,5.109,-0.086,0.205,0.031
-0.680,2.361,5.459,-0.100,0.097,0.018
-0.603,2.389,5.871,-0.102,-0.011,0.000
-0.503,2.433,6.239,-0.093,-0.103,-0.023
-0.445,2.543,6.527,-0.090,-0.172,-0.054
-0.469,2.682,6.785,-0.099,-0.220,-0.090
-0.555,2.801,7.049,-0.118,-0.240,-0.121
-0.675,2.873,7.331,-0.141,-0.234,-0.139
-0.757,2.921,7.633,-0.162,-0.205,-0.148
-0.843,2.954,7.920,-0.182,-0.168,-0.151
-0.929,2.945,8.174,-0.194,-0.142,-0.158
-0.991,2.916,8.375,-0.195,-0.119,-0.166
-1.087,2.907,8.452,-0.197,-0.086,-0.173
-1.173,2.935,8.480,-0.205,-0.060,-0.178
-1.245,2.945,8.581,-0.219,-0.044,-0.180
-1.269,2.926,8.782,-0.231,-0.024,-0.176
-1.245,2.892,8.959,-0.237,-0.006,-0.173
-1.255,2.816,9.131,-0.239,0.019,-0.175
-1.374,2.753,9.395,-0.226,0.039,-0.181
-1.547,2.701,9.572,-0.200,0.069,-0.187
-1.834,2.677,9.601,-0.172,0.097,-0.187
-2.150,2.701,9.586,-0.155,0.110,-0.179
-2.461,2.696,9.586,-0.146,0.105,-0.164
-2.653,2.662,9.687,-0.142,0.081,-0.139
-2.672,2.634,9.811,-0.133,0.058,-0.107
-2.571,2.581,10.056,-0.107,0.031,-0.083
-2.442,2.504,10.257,-0.058,0.013,-0.069
-2.423,2.452,10.324,0.005,0.010,-0.065
-2.543,2.495,10.185,0.059,0.011,-0.063
-2.720,2.571,9.931,0.098,0.009,-0.050
-2.811,2.701,9.615,0.114,0.013,-0.025
-2.796,2.796,9.318,0.113,0.021,0.001
-2.705,2.926,9.112,0.096,0.030,0.021

-11.832,-8.782,20.710,-0.298,0.559,0.601
-12.531,-9.127,21.538,-0.241,0.608,0.694
-13.173,-9.385,22.261,-0.171,0.618,0.764
-13.891,-9.701,22.874,-0.078,0.562,0.816
-14.715,-10.372,23.707,0.086,0.397,0.870
-15.356,-11.104,24.440,0.302,0.172,0.931
-15.720,-11.741,24.876,0.589,-0.103,1.008
-15.759,-12.191,24.857,0.913,-0.383,1.088
-15.644,-12.469,24.450,1.239,-0.654,1.157
-15.356,-12.632,23.679,1.590,-0.931,1.236
-15.055,-12.708,22.874,1.875,-1.125,1.319
-14.681,-12.694,21.917,2.152,-1.275,1.426
-14.145,-12.498,20.729,2.410,-1.391,1.550
-13.297,-12.119,19.321,2.630,-1.469,1.687
-12.119,-11.483,17.607,2.821,-1.517,1.838
-10.980,-10.965,16.295,2.942,-1.550,1.937
-9.787,-10.539,15.179,3.053,-1.558,2.001
-8.777,-10.104,14.068,3.164,-1.518,2.028
-8.006,-9.668,12.842,3.268,-1.456,2.017
-7.494,-9.242,11.502,3.358,-1.387,1.973
-7.240,-8.902,10.060,3.425,-1.325,1.914
-7.163,-8.586,8.681,3.472,-1.283,1.844
-7.211,-8.183,7.077,3.510,-1.263,1.783
-7.135,-7.700,5.732,3.524,-1.261,1.759
-6.924,-7.125,4.458,3.514,-1.258,1.770
-6.527,-6.479,3.285,3.476,-1.261,1.815
-5.875,-5.804,2.289,3.411,-1.275,1.879
-4.970,-5.200,1.470,3.329,-1.296,1.939
-3.797,-4.606,0.852,3.238,-1.306,1.968
-2.600,-4.099,0.350,3.154,-1.303,1.952
-1.408,-3.596,-0.124,3.079,-1.298,1.889
-0.421,-3.165,-0.579,3.002,-1.275,1.786
0.326,-2.792,-1.020,2.915,-1.256,1.657
0.886,-2.385,-1.379,2.816,-1.269,1.504
1.441,-2.030,-1.662,2.705,-1.290,1.337
1.982,-1.614,-1.810,2.581,-1.267,1.162
2.370,-1.211,-1.944,2.442,-1.196,0.973
2.533,-0.929,-2.006,2.292,-1.087,0.784
2.452,-0.670,-2.107,2.127,-0.947,0.617
2.222,-0.388,-2.260,1.941,-0.787,0.487
1.973,-0.192,-2.428,1.735,-0.623,0.400
1.719,-0.096,-2.351,1.521,-0.459,0.355
1.551,-0.187,-1.997,1.319,-0.304,0.351
1.523,-0.369,-1.561,1.157,-0.154,0.361
1.547,-0.445,-1.192,1.032,-0.015,0.361
1.523,-0.460,-1.053,0.924,0.111,0.335
1.346,-0.431,-1.006,0.824,0.204,0.284
1.001,-0.378,-0.958,0.721,0.264,0.223
0.536,-0.369,-0.838,0.619,0.290,0.174
0.072,-0.340,-0.570,0.529,0.263,0.152
-0.278,-0.292,-0.091,0.471,0.198,0.169
-0.421,-0.201,0.383,0.447,0.122,0.212
-0.302,-0.048,0.819,0.450,0.054,0.264
0.043,0.278,1.106,0.456,0.007,0.296
0.393,0.599,1.274,0.448,-0.022,0.291
0.637,0.800,1.571,0.420,-0.043,0.255
0.804,0.924,1.997,0.388,-0.060,0.195
0.867,1.063,2.418,0.355,-0.071,0.122
0.771,1.221,2.796,0.311,-0.073,0.053
0.565,1.355,3.189,0.258,-0.069,-0.004
0.273,1.360,3.706,0.207,-0.065,-0.044
-0.010,1.374,4.252,0.173,-0.060,-0.069
-0.263,1.379,4.769,0.155,-0.054,-0.084
-0.469,1.441,5.195,0.148,-0.033,-0.090
-0.651,1.499,5.507,0.148,-0.017,-0.092
-0.785,1.513,5.737,0.151,-0.009,-0.098
-0.886,1.599,5.837,0.153,-0.015,-0.110
-0.953,1.709,5.827,0.142,-0.031,-0.129
-1.073,1.772,5.827,0.119,-0.045,-0.153
-1.312,1.805,5.823,0.086,-0.056,-0.172
-1.623,1.829,5.981,0.050,-0.071,-0.179
-1.930,1.748,6.297,0.026,-0.084,-0.163
-2.054,1.738,6.622,0.017,-0.078,-0.135
-2.064,1.820,6.790,0.008,-0.052,-0.113
-2.093,1.915,6.862,-0.011,-0.024,-0.107
-2.207,1.968,6.953,-0.042,-0.010,-0.116
-2.394,1.954,7.120,-0.073,-0.011,-0.133
-2.600,1.930,7.326,-0.104,-0.020,-0.142
-2.806,1.872,7.580,-0.131,-0.042,-0.146
-2.940,1.867,7.858,-0.153,-0.084,-0.149
-3.007,1.834,8.150,-0.166,-0.126,-0.149
-3.079,1.820,8.394,-0.174,-0.158,-0.145
-3.132,1.877,8.633,-0.184,-0.181,-0.135
-3.146,1.882,8.882,-0.193,-0.190,-0.122
-3.093,1.935,9.218,-0.195,-0.183,-0.103
-3.069,1.978,9.481,-0.186,-0.159,-0.084
-3.079,2.021,9.629,-0.167,-0.126,-0.066
-3.055,2.045,9.701,-0.146,-0.089,-0.050
-3.050,2.093,9.768,-0.129,-0.051,-0.038
-3.026,2.102,9.831,-0.120,-0.020,-0.025
-3.021,2.064,9.984,-0.109,0.003,-0.011
-2.969,2.025,10.127,-0.086,0.018,0.001
-2.916,2.006,10.214,-0.057,0.028,0.011
-2.916,2.035,10.262,-0.024,0.033,0.013
-2.974,2.069,10.242,0.007,0.038,0.008
-3.079,2.107,10.199,0.036,0.043,-0.001
-3.275,2.164,10.013,0.066,0.045,-0.011
-3.476,2.236,9.778,0.086,0.036,-0.013
-3.673,2.332,9.491,0.095,0.015,-0.005
-3.783,2.442,9.246,0.094,-0.011,0.011

-9.768,-8.068,23.090,0.230,-0.218,0.842
-9.855,-8.356,23.918,0.291,-0.162,0.884
-10.171,-8.667,24.703,0.372,-0.089,0.897
-10.865,-9.184,25.426,0.486,-0.033,0.901
-11.655,-9.754,25.968,0.647,-0.001,0.918
-12.440,-10.218,26.188,0.835,0.000,0.937
-13.317,-10.669,26.202,1.032,-0.041,0.970
-14.193,-11.186,26.154,1.237,-0.130,1.028
-15.007,-11.847,25.991,1.496,-0.281,1.129
-15.371,-12.378,25.666,1.755,-0.447,1.219
-15.519,-12.785,25.053,2.036,-0.630,1.301
-15.534,-13.039,24.157,2.318,-0.814,1.380
-15.428,-13.139,22.932,2.587,-0.985,1.469
-14.969,-12.933,21.170,2.870,-1.166,1.590
-14.222,-12.570,19.441,3.075,-1.304,1.699
-13.202,-12.134,17.703,3.251,-1.402,1.788
-12.177,-11.727,15.950,3.416,-1.464,1.842
-11.229,-11.267,14.131,3.563,-1.475,1.871
-10.333,-10.640,11.918,3.713,-1.440,1.891
-9.620,-10.036,9.888,3.817,-1.400,1.898
-9.017,-9.366,7.805,3.893,-1.380,1.901
-8.389,-8.677,5.780,3.935,-1.403,1.896
-7.609,-8.001,3.912,3.941,-1.444,1.880
-6.776,-7.379,2.212,3.920,-1.456,1.856
-6.009,-6.785,0.675,3.860,-1.404,1.825
-5.349,-6.172,-0.618,3.761,-1.292,1.799
-4.750,-5.622,-1.638,3.622,-1.145,1.767
-4.228,-5.042,-2.571,3.457,-0.968,1.747
-3.869,-4.453,-3.505,3.278,-0.778,1.759
-3.515,-3.783,-4.381,3.074,-0.594,1.814
-3.045,-3.036,-5.186,2.838,-0.434,1.905
-2.212,-2.251,-5.775,2.566,-0.332,2.008
-0.958,-1.475,-6.081,2.288,-0.274,2.077
0.369,-0.737,-6.263,2.011,-0.233,2.083
1.528,-0.062,-6.297,1.740,-0.228,2.012
2.308,0.397,-5.995,1.499,-0.266,1.889
2.950,0.651,-5.262,1.306,-0.339,1.743
3.510,0.766,-4.334,1.164,-0.386,1.573
3.697,0.929,-3.807,1.102,-0.418,1.423
3.682,1.116,-3.462,1.053,-0.469,1.265
3.400,1.279,-3.170,0.995,-0.527,1.119
3.069,1.365,-2.796,0.921,-0.600,0.992
2.811,1.408,-2.327,0.841,-0.660,0.878
2.567,1.355,-1.748,0.770,-0.706,0.788
2.318,1.197,-0.910,0.731,-0.747,0.735
2.203,1.082,0.000,0.747,-0.770,0.712
2.265,1.101,0.603,0.798,-0.763,0.704
2.476,1.274,0.838,0.851,-0.727,0.679
2.658,1.499,0.804,0.865,-0.670,0.626
2.662,1.753,0.704,0.834,-0.606,0.555
2.552,1.968,0.680,0.765,-0.557,0.478
2.404,2.107,0.781,0.673,-0.509,0.408
2.265,2.217,0.905,0.593,-0.483,0.356
2.203,2.356,1.116,0.505,-0.459,0.301
2.217,2.514,1.360,0.422,-0.438,0.237
2.198,2.624,1.647,0.342,-0.431,0.162
2.045,2.658,2.078,0.255,-0.423,0.064
1.781,2.595,2.461,0.182,-0.410,-0.021
1.460,2.533,2.859,0.110,-0.382,-0.092
1.001,2.442,3.318,0.037,-0.344,-0.145
0.488,2.246,3.864,-0.026,-0.304,-0.173
-0.129,2.112,4.535,-0.048,-0.264,-0.164
-0.608,2.088,5.071,-0.115,-0.226,-0.140
-0.819,2.064,5.588,-0.174,-0.179,-0.105
-0.929,2.064,6.081,-0.219,-0.116,-0.067
-0.977,2.064,6.493,-0.253,-0.068,-0.036
-0.910,2.102,6.847,-0.277,-0.033,-0.017
-0.757,2.164,7.135,-0.292,-0.013,-0.015
-0.670,2.217,7.369,-0.302,-0.009,-0.027
-0.670,2.265,7.642,-0.309,-0.026,-0.053
-0.800,2.260,7.958,-0.306,-0.054,-0.081
-0.972,2.203,8.317,-0.285,-0.079,-0.094
-1.192,2.136,8.624,-0.247,-0.091,-0.096
-1.398,2.160,8.758,-0.204,-0.086,-0.088
-1.566,2.184,8.796,-0.166,-0.081,-0.078
-1.671,2.222,8.839,-0.134,-0.085,-0.073
-1.762,2.150,8.964,-0.113,-0.081,-0.070
-1.939,2.222,8.964,-0.099,-0.064,-0.062
-2.083,2.298,8.911,-0.107,-0.064,-0.049
-2.160,2.313,8.983,-0.138,-0.067,-0.033
-2.116,2.279,9.218,-0.179,-0.064,-0.016
-1.968,2.251,9.529,-0.213,-0.039,-0.007
-1.872,2.255,9.821,-0.234,0.006,-0.003
-1.844,2.279,10.022,-0.240,0.056,-0.004
-1.872,2.270,10.180,-0.237,0.096,-0.008
-1.973,2.327,10.285,-0.230,0.120,-0.012
-2.088,2.322,10.353,-0.218,0.117,-0.015
-2.160,2.332,10.376,-0.205,0.092,-0.015
-2.160,2.322,10.501,-0.185,0.063,-0.015
-2.116,2.260,10.630,-0.152,0.041,-0.013
-2.112,2.174,10.769,-0.103,0.035,-0.009
-2.112,2.136,10.827,-0.044,0.035,-0.004
-2.102,2.136,10.745,0.011,0.053,0.001
-2.107,2.255,10.558,0.053,0.085,0.003
-2.217,2.318,10.266,0.079,0.117,0.004
-2.370,2.380,10.118,0.092,0.147,0.015
-2.452,2.447,9.941,0.106,0.176,0.036
-2.456,2.552,9.716,0.116,0.203,0.064
-2.404,2.782,9.380,0.114,0.221,0.087
-2.289,2.916,9.055,0.094,0.232,0.099

-10.611,-6.531,23.506,0.026,-1.077,0.538
-10.635,-6.862,24.215,0.133,-1.013,0.603
-10.884,-7.221,24.531,0.262,-0.918,0.691
-11.167,-7.604,24.694,0.378,-0.812,0.803
-11.329,-8.107,24.914,0.481,-0.690,0.962
-11.214,-8.624,25.283,0.575,-0.579,1.102
-11.037,-9.222,25.762,0.705,-0.473,1.225
-10.884,-9.917,26.178,0.897,-0.378,1.322
-10.851,-10.621,26.255,1.174,-0.306,1.401
-11.018,-10.827,25.891,1.463,-0.272,1.470
-11.023,-11.162,25.110,1.735,-0.324,1.513
-10.980,-11.358,24.296,1.976,-0.388,1.547
-10.937,-11.535,23.425,2.233,-0.502,1.585
-10.649,-11.588,22.415,2.505,-0.627,1.652
-10.190,-11.492,21.213,2.792,-0.741,1.730
-9.529,-11.325,19.795,3.087,-0.832,1.810
-8.557,-11.032,17.741,3.440,-0.891,1.891
-7.604,-10.764,15.639,3.740,-0.892,1.940
-6.685,-10.396,13.216,4.017,-0.830,1.959
-5.957,-9.936,10.511,4.246,-0.747,1.934
-5.430,-9.404,7.714,4.366,-0.677,1.854
-5.234,-8.777,4.899,4.366,-0.622,1.738
-5.430,-7.906,2.160,4.366,-0.598,1.616
-5.703,-7.202,-0.421,4.366,-0.602,1.529
-6.043,-6.488,-2.528,4.274,-0.621,1.503
-6.330,-5.799,-4.137,4.069,-0.676,1.555
-6.187,-5.167,-5.157,3.806,-0.780,1.653
-5.550,-4.597,-5.636,3.508,-0.847,1.783
-4.578,-3.931,-5.818,3.187,-0.838,1.916
-3.304,-3.261,-5.722,2.865,-0.740,2.035
-1.930,-2.614,-5.478,2.558,-0.570,2.138
-0.599,-1.992,-5.157,2.282,-0.366,2.216
0.876,-1.298,-4.808,2.014,-0.153,2.256
2.030,-0.704,-4.568,1.816,-0.032,2.224
3.012,-0.153,-4.410,1.647,0.052,2.126
3.716,0.316,-4.290,1.492,0.093,1.973
4.051,0.670,-4.142,1.348,0.105,1.791
4.156,0.919,-3.936,1.213,0.046,1.587
4.142,1.025,-3.606,1.094,-0.072,1.361
3.998,1.034,-3.251,0.992,-0.220,1.125
3.701,1.010,-2.883,0.903,-0.374,0.887
3.247,0.982,-2.495,0.820,-0.532,0.668
2.763,0.905,-2.088,0.741,-0.675,0.486
2.318,0.871,-1.700,0.666,-0.799,0.343
1.954,0.871,-1.245,0.594,-0.907,0.238
1.705,0.828,-0.680,0.533,-0.999,0.167
1.575,0.790,0.005,0.495,-1.054,0.125
1.623,0.781,0.589,0.483,-1.046,0.107
1.690,0.886,1.025,0.485,-0.983,0.090
1.786,1.120,1.221,0.481,-0.891,0.069
1.815,1.437,1.202,0.449,-0.779,0.045
1.791,1.690,1.255,0.387,-0.671,0.021
1.781,1.896,1.341,0.300,-0.568,-0.006
1.690,2.030,1.499,0.204,-0.474,-0.033
1.571,2.064,1.915,0.109,-0.406,-0.051
1.494,1.920,2.600,0.042,-0.346,-0.067
1.264,1.824,3.352,0.011,-0.281,-0.078
0.891,1.733,4.094,0.009,-0.216,-0.077
0.393,1.647,4.784,0.037,-0.155,-0.059
-0.024,1.662,5.267,0.082,-0.096,-0.022
-0.335,1.796,5.416,0.104,-0.035,0.024
-0.541,2.002,5.488,0.092,0.009,0.075
-0.551,2.184,5.641,0.055,0.028,0.117
-0.383,2.327,5.928,0.013,0.036,0.137
-0.230,2.399,6.235,-0.015,0.041,0.132
-0.196,2.485,6.498,-0.023,0.038,0.103
-0.306,2.567,6.627,-0.021,0.028,0.065
-0.488,2.701,6.632,-0.022,0.012,0.034
-0.627,2.787,6.589,-0.029,-0.016,0.010
-0.603,2.954,6.531,-0.056,-0.046,-0.013
-0.599,3.079,6.570,-0.101,-0.089,-0.043
-0.541,3.179,6.747,-0.153,-0.141,-0.079
-0.541,3.203,7.068,-0.199,-0.187,-0.114
-0.599,3.132,7.518,-0.223,-0.219,-0.140
-0.704,3.021,8.025,-0.223,-0.223,-0.156
-0.905,2.950,8.485,-0.208,-0.209,-0.165
-1.207,2.954,8.763,-0.186,-0.201,-0.167
-1.465,2.969,8.997,-0.173,-0.189,-0.160
-1.642,2.959,9.232,-0.172,-0.165,-0.143
-1.757,2.902,9.529,-0.170,-0.140,-0.118
-1.729,2.863,9.826,-0.156,-0.116,-0.093
-1.638,2.806,10.027,-0.130,-0.085,-0.075
-1.609,2.796,10.118,-0.096,-0.058,-0.071
-1.638,2.806,10.080,-0.071,-0.034,-0.078
-1.820,2.835,10.008,-0.058,-0.020,-0.088
-2.030,2.883,9.955,-0.058,-0.024,-0.098
-2.217,2.868,9.965,-0.063,-0.036,-0.099
-2.346,2.820,10.008,-0.068,-0.049,-0.094
-2.375,2.787,10.118,-0.070,-0.056,-0.082
-2.322,2.796,10.185,-0.065,-0.056,-0.071
-2.270,2.777,10.190,-0.051,-0.043,-0.066
-2.294,2.777,10.142,-0.032,-0.011,-0.064
-2.394,2.830,10.013,-0.016,0.026,-0.056
-2.557,2.892,9.840,-0.006,0.053,-0.043
-2.667,2.911,9.787,-0.002,0.070,-0.021
-2.715,2.892,9.725,0.003,0.084,0.001
-2.734,2.907,9.649,0.007,0.094,0.022
-2.725,2.940,9.543,0.005,0.095,0.039
-2.705,2.935,9.519,-0.003,0.091,0.051
-2.662,2.916,9.543,-0.005,0.083,0.059

-10.453,-5.813,25.139,-0.633,0.040,0.855
-10.147,-6.048,26.058,-0.513,0.239,1.040
-9.759,-6.263,26.715,-0.395,0.439,1.162
-9.538,-6.488,27.217,-0.271,0.615,1.214
-9.677,-6.823,27.481,-0.143,0.734,1.213
-10.204,-7.221,27.428,0.005,0.750,1.168
-10.712,-7.661,27.256,0.147,0.633,1.112
-11.181,-8.193,27.002,0.326,0.427,1.050
-11.645,-8.768,26.724,0.557,0.166,1.008
-12.052,-9.337,26.456,0.856,-0.126,1.009
-12.311,-9.816,25.948,1.221,-0.421,1.051
-12.416,-10.046,25.067,1.616,-0.687,1.129
-12.325,-10.089,23.794,2.003,-0.943,1.216
-11.765,-9.931,21.907,2.388,-1.182,1.303
-11.138,-9.639,20.130,2.641,-1.326,1.349
-10.463,-9.270,18.373,2.830,-1.417,1.372
-9.888,-8.926,16.716,2.970,-1.451,1.385
-9.443,-8.624,15.079,3.073,-1.456,1.395
-9.002,-8.313,13.618,3.137,-1.434,1.417
-8.514,-7.977,12.301,3.179,-1.366,1.447
-7.968,-7.561,10.788,3.207,-1.237,1.489
-7.470,-7.183,9.457,3.219,-1.113,1.524
-6.948,-6.790,8.107,3.222,-0.992,1.563
-6.426,-6.359,6.766,3.210,-0.889,1.580
-5.938,-5.909,5.449,3.181,-0.803,1.588
-5.464,-5.497,4.128,3.133,-0.735,1.585
-5.100,-5.090,2.887,3.067,-0.682,1.558
-4.841,-4.726,1.738,2.974,-0.650,1.526
-4.678,-4.410,0.804,2.857,-0.652,1.491
-4.506,-4.152,0.244,2.732,-0.681,1.466
-4.257,-4.022,0.124,2.634,-0.723,1.467
-3.845,-3.926,0.220,2.591,-0.752,1.485
-3.318,-3.687,0.215,2.590,-0.759,1.508
-2.772,-3.328,-0.053,2.601,-0.753,1.523
-2.231,-2.787,-0.546,2.590,-0.743,1.536
-1.623,-2.164,-1.058,2.527,-0.724,1.554
-0.876,-1.561,-1.389,2.413,-0.687,1.573
-0.120,-1.087,-1.398,2.277,-0.643,1.587
0.685,-0.733,-1.164,2.153,-0.588,1.592
1.465,-0.412,-0.891,2.064,-0.506,1.592
2.193,-0.053,-0.824,1.997,-0.399,1.570
2.768,0.373,-1.020,1.936,-0.284,1.523
3.223,0.761,-1.302,1.860,-0.185,1.448
3.577,1.135,-1.633,1.760,-0.101,1.338
3.754,1.413,-1.949,1.641,-0.053,1.191
3.740,1.614,-2.174,1.493,-0.055,1.018
3.567,1.786,-2.274,1.326,-0.108,0.828
3.285,1.820,-2.188,1.150,-0.190,0.637
2.907,1.767,-1.858,0.978,-0.286,0.454
2.456,1.590,-1.312,0.832,-0.394,0.295
2.030,1.417,-0.666,0.721,-0.485,0.167
1.595,1.307,-0.153,0.633,-0.540,0.070
1.135,1.250,0.297,0.552,-0.559,0.005
0.713,1.211,0.718,0.470,-0.554,-0.032
0.393,1.183,1.183,0.401,-0.527,-0.049
0.177,1.226,1.561,0.349,-0.476,-0.050
0.053,1.369,1.733,0.302,-0.409,-0.043
-0.014,1.556,1.647,0.235,-0.342,-0.044
-0.115,1.676,1.681,0.152,-0.308,-0.048
-0.211,1.700,1.954,0.067,-0.299,-0.043
-0.306,1.647,2.538,0.008,-0.301,-0.018
-0.278,1.480,3.405,0.016,-0.308,0.031
-0.153,1.413,4.219,0.098,-0.302,0.085
0.086,1.499,4.621,0.223,-0.280,0.128
0.364,1.824,4.468,0.334,-0.238,0.145
0.484,2.298,4.017,0.375,-0.209,0.124
0.350,2.658,3.677,0.339,-0.214,0.080
0.062,2.768,3.797,0.265,-0.252,0.036
-0.153,2.677,4.310,0.203,-0.294,0.013
-0.254,2.614,4.860,0.173,-0.319,0.007
-0.283,2.634,5.195,0.157,-0.325,0.005
-0.345,2.691,5.531,0.146,-0.325,0.003
-0.546,2.749,5.866,0.139,-0.321,0.006
-0.747,2.868,6.091,0.134,-0.311,0.014
-0.852,3.036,6.182,0.116,-0.290,0.025
-0.910,3.160,6.297,0.081,-0.270,0.031
-0.939,3.208,6.531,0.037,-0.253,0.030
-1.010,3.175,6.891,-0.002,-0.243,0.029
-1.082,3.093,7.360,-0.017,-0.242,0.036
-1.149,3.065,7.762,-0.014,-0.239,0.049
-1.154,3.079,8.030,-0.003,-0.232,0.071
-1.087,3.141,8.236,0.008,-0.210,0.091
-0.943,3.294,8.313,0.009,-0.178,0.097
-0.843,3.491,8.265,-0.007,-0.134,0.087
-0.824,3.654,8.207,-0.045,-0.090,0.065
-0.905,3.749,8.246,-0.095,-0.054,0.043
-1.068,3.721,8.408,-0.150,-0.038,0.022
-1.235,3.625,8.710,-0.192,-0.039,0.011
-1.374,3.515,9.098,-0.215,-0.035,0.011
-1.480,3.409,9.481,-0.219,-0.019,0.020
-1.556,3.366,9.725,-0.211,0.007,0.036
-1.494,3.381,9.931,-0.208,0.032,0.050
-1.350,3.338,10.195,-0.201,0.060,0.052
-1.250,3.275,10.420,-0.177,0.088,0.041
-1.326,3.242,10.549,-0.138,0.106,0.021
-1.532,3.275,10.487,-0.094,0.115,0.003
-1.781,3.385,10.257,-0.062,0.117,-0.005
-1.939,3.486,10.036,-0.043,0.104,-0.004
-2.030,3.543,9.907,-0.033,0.088,0.001
-2.078,3.577,9.878,-0.028,0.075,0.007

-10.171,-6.450,24.536,0.608,-0.067,0.975
-10.329,-6.843,25.177,0.803,-0.134,1.052
-10.343,-7.168,25.455,0.991,-0.154,1.108
-10.420,-7.566,25.412,1.166,-0.129,1.141
-10.635,-8.064,25.130,1.330,-0.079,1.163
-11.028,-8.648,24.627,1.477,-0.010,1.195
-11.478,-9.194,23.913,1.612,0.053,1.257
-11.832,-9.787,22.865,1.753,0.094,1.370
-11.923,-10.271,21.854,1.863,0.094,1.496
-11.818,-10.736,20.911,1.980,0.053,1.630
-11.454,-11.076,19.972,2.120,-0.033,1.758
-10.831,-11.205,18.790,2.268,-0.132,1.871
-10.013,-11.143,17.473,2.407,-0.245,1.961
-8.911,-10.894,15.826,2.559,-0.373,2.033
-7.887,-10.491,14.279,2.673,-0.462,2.068
-6.900,-9.984,12.747,2.758,-0.516,2.079
-6.019,-9.395,11.190,2.811,-0.554,2.070
-5.253,-8.729,9.701,2.831,-0.577,2.045
-4.559,-8.030,8.226,2.826,-0.582,2.008
-3.917,-7.288,6.847,2.805,-0.577,1.959
-3.409,-6.536,5.535,2.767,-0.588,1.893
-3.160,-5.942,4.539,2.720,-0.651,1.820
-2.993,-5.689,3.850,2.696,-0.764,1.752
-2.772,-5.353,3.261,2.753,-0.895,1.694
-2.452,-4.932,2.701,2.804,-1.023,1.628
-2.188,-4.453,2.126,2.854,-1.111,1.555
-2.011,-3.941,1.446,2.867,-1.136,1.493
-1.776,-3.395,0.886,2.825,-1.104,1.450
-1.480,-2.931,0.488,2.738,-1.037,1.431
-0.833,-2.490,0.235,2.609,-0.911,1.421
-0.101,-2.064,0.024,2.491,-0.747,1.399
0.579,-1.690,-0.287,2.372,-0.569,1.337
1.111,-1.317,-0.608,2.251,-0.408,1.235
1.389,-0.953,-0.967,2.129,-0.287,1.092
1.384,-0.618,-1.355,2.001,-0.223,0.926
1.073,-0.297,-1.705,1.867,-0.214,0.754
0.527,-0.091,-1.973,1.723,-0.261,0.603
-0.081,0.124,-2.174,1.559,-0.350,0.492
-0.575,0.206,-2.164,1.383,-0.476,0.435
-0.809,0.196,-1.844,1.226,-0.616,0.431
-0.575,0.220,-1.408,1.100,-0.729,0.454
0.124,0.383,-1.082,1.002,-0.784,0.475
1.116,0.560,-0.781,0.912,-0.770,0.445
1.757,0.661,-0.441,0.829,-0.714,0.355
1.911,0.431,0.086,0.790,-0.629,0.259
1.805,0.589,0.613,0.817,-0.506,0.179
1.398,0.728,0.776,0.760,-0.390,0.118
0.967,0.871,0.919,0.713,-0.288,0.086
0.393,1.030,0.972,0.668,-0.243,0.071
-0.072,1.120,1.231,0.639,-0.236,0.079
-0.541,1.279,1.542,0.617,-0.248,0.120
-0.728,1.379,1.906,0.601,-0.268,0.193
-0.656,1.489,2.212,0.598,-0.287,0.280
-0.306,1.671,2.394,0.595,-0.310,0.348
0.101,1.911,2.461,0.576,-0.323,0.379
0.378,2.121,2.605,0.541,-0.339,0.374
0.536,2.255,2.830,0.499,-0.340,0.348
0.517,2.365,3.098,0.461,-0.328,0.320
0.373,2.490,3.290,0.427,-0.318,0.300
0.259,2.658,3.405,0.384,-0.319,0.290
0.273,2.806,3.486,0.332,-0.315,0.288
0.364,2.950,3.610,0.273,-0.296,0.284
0.460,3.041,3.821,0.210,-0.279,0.270
0.579,3.146,4.190,0.148,-0.266,0.238
0.670,3.108,4.630,0.100,-0.254,0.195
0.622,3.074,5.071,0.065,-0.233,0.145
0.460,3.069,5.497,0.038,-0.215,0.098
0.235,3.055,5.842,0.018,-0.203,0.053
-0.077,3.007,6.167,0.007,-0.193,0.015
-0.488,2.945,6.507,0.002,-0.186,-0.013
-0.852,2.873,6.761,0.001,-0.183,-0.020
-1.178,2.868,6.991,-0.001,-0.181,-0.010
-1.326,2.897,7.187,-0.009,-0.176,0.012
-1.298,2.969,7.360,-0.020,-0.172,0.032
-1.197,3.031,7.566,-0.031,-0.173,0.039
-1.130,3.112,7.767,-0.041,-0.171,0.037
-1.106,3.170,7.944,-0.051,-0.155,0.034
-1.120,3.237,8.112,-0.063,-0.138,0.033
-1.154,3.294,8.317,-0.083,-0.122,0.033
-1.183,3.323,8.533,-0.103,-0.106,0.036
-1.211,3.266,8.830,-0.124,-0.090,0.041
-1.245,3.213,9.122,-0.133,-0.071,0.050
-1.221,3.160,9.486,-0.129,-0.052,0.061
-1.197,3.098,9.783,-0.103,-0.029,0.069
-1.183,3.079,9.989,-0.061,-0.000,0.068
-1.231,3.117,9.974,-0.020,0.034,0.061
-1.369,3.189,9.845,0.015,0.058,0.050
-1.547,3.251,9.649,0.038,0.069,0.039
-1.714,3.290,9.510,0.051,0.063,0.032
-1.791,3.299,9.428,0.056,0.049,0.029
-1.829,3.323,9.313,0.058,0.027,0.026
-1.815,3.323,9.222,0.056,0.013,0.026
-1.762,3.371,9.141,0.053,0.011,0.027
-1.709,3.433,9.069,0.048,0.027,0.026
-1.695,3.476,8.954,0.038,0.049,0.023
-1.757,3.543,8.849,0.025,0.072,0.026
-1.863,3.587,8.768,0.017,0.095,0.039
-1.939,3.644,8.715,0.008,0.120,0.061
-1.930,3.740,8.600,-0.009,0.134,0.079
-1.877,3.807,8.523,-0.033,0.136,0.087

-7.432,-8.049,24.842,1.610,-0.053,0.665
-8.222,-8.279,24.287,1.826,-0.191,0.622
-8.964,-8.490,23.755,2.031,-0.379,0.614
-9.534,-8.686,23.310,2.246,-0.632,0.640
-9.778,-8.854,22.683,2.482,-0.933,0.665
-9.797,-8.878,21.835,2.722,-1.254,0.676
-9.639,-8.782,20.528,2.992,-1.620,0.681
-9.347,-8.590,19.192,3.200,-1.901,0.692
-8.940,-8.270,17.708,3.373,-2.139,0.699
-8.514,-7.834,16.185,3.496,-2.327,0.710
-8.068,-7.441,14.758,3.568,-2.456,0.726
-7.542,-7.077,13.532,3.597,-2.501,0.759
-6.934,-6.761,12.479,3.604,-2.463,0.808
-6.215,-6.483,11.459,3.604,-2.355,0.863
-5.459,-6.215,10.491,3.604,-2.174,0.917
-4.731,-5.952,9.443,3.594,-1.939,0.957
-4.137,-5.679,8.384,3.570,-1.702,0.965
-3.673,-5.382,7.331,3.535,-1.480,0.924
-3.486,-5.061,6.182,3.475,-1.247,0.819
-3.563,-4.798,5.267,3.412,-1.073,0.709
-3.816,-4.501,4.468,3.343,-0.916,0.614
-4.147,-4.161,3.802,3.253,-0.788,0.555
-4.477,-3.831,3.242,3.146,-0.697,0.544
-4.712,-3.505,2.840,3.027,-0.648,0.574
-4.827,-3.194,2.600,2.886,-0.621,0.638
-4.654,-2.993,2.447,2.741,-0.600,0.745
-4.223,-2.801,2.332,2.676,-0.588,0.863
-3.548,-2.591,2.150,2.629,-0.592,0.965
-2.648,-2.270,1.800,2.591,-0.613,1.024
-1.690,-1.896,1.346,2.566,-0.652,1.039
-0.819,-1.513,0.895,2.540,-0.719,1.003
-0.129,-1.149,0.455,2.506,-0.822,0.918
0.426,-0.757,0.096,2.452,-0.948,0.801
0.848,-0.464,-0.177,2.386,-1.077,0.672
1.116,-0.196,-0.383,2.314,-1.182,0.543
1.183,0.053,-0.541,2.240,-1.269,0.422
1.111,0.330,-0.661,2.156,-1.343,0.320
1.063,0.546,-0.704,2.055,-1.395,0.242
1.097,0.709,-0.651,1.945,-1.405,0.186
1.183,0.871,-0.579,1.821,-1.371,0.146
1.293,1.015,-0.450,1.692,-1.301,0.116
1.441,1.092,-0.168,1.562,-1.208,0.091
1.623,1.092,0.168,1.452,-1.079,0.072
1.786,1.140,0.383,1.368,-0.901,0.060
1.853,1.231,0.407,1.293,-0.694,0.050
1.781,1.317,0.316,1.209,-0.479,0.046
1.647,1.480,0.187,1.115,-0.290,0.046
1.518,1.642,0.139,1.010,-0.121,0.055
1.336,1.738,0.239,0.905,0.025,0.080
1.255,1.829,0.373,0.805,0.137,0.109
1.202,1.882,0.656,0.715,0.216,0.135
1.211,1.987,0.891,0.643,0.265,0.149
1.235,2.179,1.049,0.573,0.295,0.142
1.178,2.346,1.183,0.494,0.307,0.119
1.039,2.533,1.374,0.410,0.302,0.092
0.895,2.734,1.609,0.327,0.286,0.069
0.781,2.974,1.810,0.242,0.268,0.051
0.656,3.227,2.030,0.151,0.242,0.043
0.603,3.381,2.313,0.064,0.216,0.042
0.536,3.438,2.667,-0.016,0.199,0.052
0.431,3.371,3.184,-0.080,0.189,0.078
0.378,3.280,3.802,-0.121,0.183,0.124
0.402,3.203,4.381,-0.138,0.176,0.175
0.579,3.213,4.865,-0.137,0.166,0.214
0.886,3.261,5.224,-0.130,0.158,0.225
1.192,3.357,5.387,-0.123,0.155,0.201
1.317,3.519,5.406,-0.129,0.149,0.148
1.269,3.754,5.344,-0.157,0.133,0.077
1.044,3.922,5.310,-0.208,0.094,0.008
0.781,4.051,5.377,-0.271,0.036,-0.038
0.584,4.075,5.488,-0.346,-0.033,-0.058
0.517,4.013,5.751,-0.425,-0.104,-0.061
0.579,3.879,6.153,-0.503,-0.172,-0.056
0.771,3.745,6.699,-0.563,-0.222,-0.050
0.991,3.649,7.269,-0.604,-0.245,-0.048
1.197,3.582,7.752,-0.632,-0.235,-0.054
1.293,3.529,8.159,-0.648,-0.204,-0.070
1.293,3.519,8.538,-0.652,-0.168,-0.096
1.197,3.558,8.878,-0.651,-0.126,-0.128
0.991,3.601,9.141,-0.645,-0.065,-0.151
0.680,3.630,9.385,-0.639,-0.010,-0.166
0.306,3.601,9.673,-0.633,0.031,-0.172
-0.067,3.496,10.027,-0.617,0.058,-0.159
-0.388,3.357,10.357,-0.583,0.067,-0.130
-0.579,3.175,10.683,-0.532,0.064,-0.087
-0.622,3.021,10.989,-0.459,0.061,-0.036
-0.536,2.964,11.133,-0.372,0.058,0.010
-0.421,2.945,11.133,-0.292,0.055,0.041
-0.287,2.974,11.071,-0.218,0.049,0.055
-0.192,3.036,10.942,-0.157,0.044,0.058
-0.168,3.141,10.745,-0.109,0.049,0.053
-0.225,3.270,10.515,-0.076,0.052,0.048
-0.287,3.395,10.257,-0.056,0.058,0.048
-0.373,3.505,9.993,-0.053,0.059,0.049
-0.402,3.582,9.773,-0.062,0.061,0.051
-0.441,3.610,9.625,-0.078,0.057,0.058
-0.417,3.587,9.534,-0.094,0.050,0.071
-0.373,3.577,9.486,-0.099,0.044,0.087
-0.206,3.548,9.486,-0.107,0.056,0.103
-0.177,3.601,9.361,-0.105,0.081,0.117

-6.790,-9.012,24.603,1.163,-0.241,0.799
-6.847,-9.438,24.469,1.298,-0.256,0.746
-7.044,-9.754,24.095,1.461,-0.277,0.669
-7.585,-10.027,23.363,1.689,-0.337,0.571
-8.179,-10.108,22.486,1.892,-0.436,0.513
-8.772,-10.113,21.500,2.092,-0.572,0.497
-9.199,-10.075,20.518,2.287,-0.728,0.538
-9.380,-9.931,19.455,2.482,-0.882,0.627
-9.227,-9.730,18.344,2.666,-1.018,0.744
-8.777,-9.586,17.229,2.846,-1.127,0.871
-8.073,-9.371,16.089,3.032,-1.199,0.978
-7.240,-9.131,14.815,3.218,-1.231,1.038
-6.450,-8.902,13.350,3.392,-1.218,1.038
-5.842,-8.595,11.463,3.570,-1.161,0.971
-5.693,-8.260,9.725,3.691,-1.095,0.874
-5.861,-7.910,7.934,3.773,-1.027,0.782
-6.182,-7.499,6.263,3.808,-0.974,0.726
-6.483,-7.025,4.693,3.792,-0.930,0.726
-6.651,-6.464,3.309,3.736,-0.905,0.784
-6.531,-5.832,2.093,3.647,-0.896,0.890
-6.105,-5.205,1.053,3.532,-0.886,1.031
-5.296,-4.559,0.196,3.399,-0.845,1.180
-4.286,-3.998,-0.469,3.258,-0.760,1.312
-3.175,-3.428,-1.082,3.109,-0.633,1.404
-2.112,-2.868,-1.729,2.950,-0.491,1.456
-1.101,-2.231,-2.289,2.770,-0.355,1.454
-0.249,-1.686,-2.801,2.576,-0.240,1.410
0.479,-1.178,-3.261,2.372,-0.155,1.326
0.958,-0.742,-3.673,2.159,-0.102,1.212
1.269,-0.378,-3.826,1.938,-0.089,1.085
1.374,-0.182,-3.663,1.733,-0.125,0.958
1.451,-0.148,-3.132,1.570,-0.191,0.849
1.571,-0.187,-2.471,1.461,-0.258,0.748
1.585,-0.239,-1.810,1.410,-0.328,0.651
1.590,-0.187,-1.341,1.396,-0.393,0.553
1.465,-0.096,-1.073,1.389,-0.445,0.456
1.235,0.000,-0.895,1.370,-0.490,0.377
1.015,0.139,-0.752,1.333,-0.537,0.321
0.828,0.254,-0.613,1.280,-0.561,0.298
0.781,0.326,-0.417,1.213,-0.556,0.303
0.852,0.388,-0.249,1.135,-0.549,0.317
1.073,0.484,-0.086,1.054,-0.528,0.326
1.369,0.618,0.067,0.963,-0.483,0.324
1.662,0.771,0.230,0.870,-0.410,0.309
1.944,0.939,0.397,0.778,-0.335,0.270
2.102,1.092,0.618,0.688,-0.264,0.216
2.083,1.298,0.776,0.602,-0.209,0.157
1.958,1.542,0.881,0.517,-0.170,0.102
1.810,1.738,1.049,0.434,-0.137,0.064
1.657,1.867,1.240,0.355,-0.111,0.042
1.561,1.982,1.437,0.278,-0.084,0.028
1.465,2.097,1.623,0.197,-0.069,0.017
1.465,2.222,1.877,0.114,-0.072,0.002
1.499,2.327,2.188,0.032,-0.082,-0.028
1.422,2.298,2.686,-0.032,-0.095,-0.064
1.221,2.255,3.227,-0.064,-0.103,-0.098
0.962,2.303,3.634,-0.077,-0.108,-0.125
0.699,2.428,3.893,-0.094,-0.107,-0.138
0.421,2.562,4.113,-0.127,-0.107,-0.137
0.235,2.624,4.487,-0.169,-0.112,-0.121
0.192,2.614,4.942,-0.208,-0.112,-0.095
0.220,2.600,5.444,-0.244,-0.099,-0.065
0.359,2.605,5.880,-0.277,-0.075,-0.039
0.532,2.638,6.249,-0.303,-0.043,-0.027
0.642,2.658,6.603,-0.322,-0.007,-0.033
0.632,2.634,6.972,-0.330,0.031,-0.046
0.565,2.571,7.412,-0.318,0.062,-0.058
0.426,2.567,7.781,-0.288,0.085,-0.075
0.259,2.634,8.006,-0.256,0.093,-0.095
0.077,2.701,8.169,-0.227,0.080,-0.120
-0.077,2.816,8.255,-0.209,0.057,-0.144
-0.235,2.911,8.332,-0.210,0.032,-0.164
-0.388,3.007,8.418,-0.229,0.007,-0.176
-0.584,3.055,8.590,-0.266,-0.015,-0.169
-0.627,2.998,8.887,-0.313,-0.029,-0.147
-0.594,2.911,9.251,-0.352,-0.031,-0.121
-0.484,2.830,9.649,-0.375,-0.020,-0.102
-0.388,2.744,10.056,-0.383,0.006,-0.094
-0.302,2.643,10.396,-0.372,0.048,-0.097
-0.316,2.586,10.664,-0.351,0.102,-0.110
-0.479,2.509,10.831,-0.328,0.149,-0.124
-0.690,2.490,10.932,-0.302,0.189,-0.134
-0.871,2.485,10.961,-0.276,0.218,-0.140
-1.030,2.504,10.932,-0.247,0.239,-0.148
-1.216,2.514,10.851,-0.219,0.240,-0.158
-1.384,2.571,10.683,-0.189,0.214,-0.169
-1.499,2.619,10.534,-0.170,0.173,-0.177
-1.561,2.682,10.367,-0.155,0.125,-0.186
-1.618,2.696,10.266,-0.144,0.071,-0.190
-1.566,2.672,10.209,-0.134,0.047,-0.190
-1.638,2.662,10.113,-0.124,0.038,-0.186
-1.595,2.658,10.065,-0.119,0.013,-0.189
-1.556,2.634,10.051,-0.125,0.036,-0.184
-1.609,2.638,9.974,-0.136,0.069,-0.178
-1.681,2.600,9.912,-0.149,0.100,-0.170
-1.800,2.519,9.874,-0.158,0.146,-0.157
-1.958,2.471,9.859,-0.155,0.175,-0.138
-2.116,2.433,9.811,-0.144,0.185,-0.118
-2.212,2.476,9.730,-0.130,0.175,-0.098
-2.227,2.452,9.639,-0.123,0.181,-0.072

-9.457,-7.906,24.258,-0.288,0.545,0.729
-9.797,-8.423,24.972,-0.118,0.455,0.807
-10.013,-8.801,25.364,0.072,0.360,0.850
-10.171,-9.108,25.460,0.272,0.238,0.854
-10.281,-9.352,25.302,0.470,0.099,0.822
-10.463,-9.529,24.952,0.659,-0.054,0.758
-10.783,-9.716,24.320,0.867,-0.240,0.666
-11.195,-9.893,23.664,1.035,-0.402,0.591
-11.679,-10.075,22.984,1.191,-0.562,0.547
-12.043,-10.257,22.314,1.347,-0.693,0.536
-12.435,-10.424,21.514,1.496,-0.785,0.568
-12.574,-10.534,20.619,1.632,-0.886,0.629
-12.301,-10.549,19.556,1.765,-0.905,0.744
-11.880,-10.477,18.445,1.853,-0.858,0.852
-11.214,-10.376,17.262,1.921,-0.769,0.944
-10.582,-10.314,16.027,1.990,-0.656,1.000
-10.003,-10.185,14.748,2.067,-0.517,1.015
-9.687,-10.089,13.350,2.155,-0.356,1.004
-9.749,-9.946,11.636,2.282,-0.204,0.976
-10.051,-9.850,10.252,2.413,-0.147,0.964
-10.372,-9.687,8.835,2.568,-0.161,0.986
-10.530,-9.371,7.341,2.731,-0.229,1.049
-10.463,-8.997,5.775,2.884,-0.337,1.142
-10.147,-8.528,4.271,3.014,-0.477,1.252
-9.582,-7.934,2.772,3.110,-0.609,1.364
-8.887,-7.230,1.408,3.157,-0.707,1.476
-8.159,-6.512,0.192,3.141,-0.777,1.573
-7.389,-5.818,-0.828,3.078,-0.833,1.672
-6.531,-5.181,-1.628,2.979,-0.874,1.776
-5.602,-4.583,-2.284,2.860,-0.894,1.886
-4.563,-3.998,-2.792,2.727,-0.903,1.990
-3.381,-3.371,-3.266,2.587,-0.893,2.074
-1.863,-2.658,-3.764,2.417,-0.854,2.128
-0.565,-2.030,-4.171,2.262,-0.813,2.129
0.766,-1.384,-4.487,2.089,-0.771,2.075
1.896,-0.790,-4.673,1.902,-0.722,1.974
2.792,-0.297,-4.707,1.695,-0.691,1.818
3.472,0.081,-4.587,1.485,-0.648,1.642
3.831,0.340,-4.286,1.280,-0.588,1.453
4.003,0.493,-3.912,1.088,-0.525,1.265
4.056,0.551,-3.472,0.917,-0.463,1.083
3.979,0.498,-2.945,0.764,-0.419,0.902
3.701,0.321,-2.207,0.653,-0.402,0.741
3.323,0.148,-1.336,0.601,-0.412,0.602
2.916,-0.014,-0.493,0.585,-0.406,0.499
2.476,-0.144,0.201,0.606,-0.376,0.433
2.083,-0.139,0.642,0.651,-0.357,0.378
1.901,-0.072,0.843,0.689,-0.329,0.333
1.772,0.067,0.871,0.695,-0.259,0.294
1.604,0.249,0.761,0.665,-0.183,0.266
1.523,0.460,0.737,0.606,-0.132,0.239
1.614,0.637,0.852,0.519,-0.092,0.218
1.815,0.766,1.068,0.429,-0.073,0.184
2.097,0.905,1.346,0.346,-0.090,0.116
2.298,1.001,1.657,0.257,-0.108,0.009
2.212,1.073,1.958,0.157,-0.114,-0.123
1.820,1.087,2.294,0.049,-0.114,-0.252
1.288,1.030,2.830,-0.064,-0.100,-0.352
0.776,0.953,3.438,-0.172,-0.074,-0.422
0.369,0.824,4.075,-0.264,-0.036,-0.472
-0.043,0.704,4.693,-0.330,0.006,-0.498
-0.364,0.594,5.258,-0.357,0.051,-0.508
-0.685,0.488,5.765,-0.349,0.100,-0.504
-0.977,0.412,6.100,-0.310,0.145,-0.485
-1.216,0.436,6.254,-0.255,0.176,-0.459
-1.413,0.532,6.206,-0.209,0.184,-0.433
-1.532,0.704,6.096,-0.184,0.165,-0.417
-1.614,0.848,6.009,-0.189,0.118,-0.412
-1.595,0.919,6.033,-0.218,0.064,-0.423
-1.585,0.915,6.158,-0.256,0.017,-0.442
-1.652,0.862,6.455,-0.298,-0.018,-0.468
-1.791,0.718,6.905,-0.330,-0.036,-0.489
-2.021,0.589,7.460,-0.343,-0.039,-0.502
-2.279,0.421,8.040,-0.327,-0.020,-0.500
-2.538,0.311,8.485,-0.285,0.028,-0.484
-2.777,0.321,8.677,-0.230,0.093,-0.461
-2.993,0.412,8.677,-0.180,0.148,-0.441
-3.199,0.503,8.586,-0.145,0.171,-0.430
-3.357,0.546,8.452,-0.122,0.162,-0.428
-3.534,0.555,8.380,-0.107,0.125,-0.429
-3.701,0.575,8.327,-0.098,0.064,-0.427
-3.783,0.618,8.298,-0.101,-0.009,-0.416
-3.826,0.646,8.351,-0.120,-0.080,-0.400
-3.759,0.675,8.552,-0.156,-0.145,-0.381
-3.639,0.646,8.882,-0.196,-0.179,-0.362
-3.524,0.584,9.304,-0.221,-0.184,-0.346
-3.491,0.469,9.687,-0.220,-0.157,-0.330
-3.539,0.393,9.960,-0.196,-0.094,-0.303
-3.644,0.378,9.974,-0.164,-0.025,-0.268
-3.711,0.388,9.883,-0.134,0.021,-0.236
-3.749,0.402,9.807,-0.105,0.056,-0.211
-3.812,0.426,9.692,-0.081,0.068,-0.195
-3.912,0.426,9.553,-0.064,0.057,-0.189
-4.027,0.417,9.409,-0.056,0.008,-0.192
-4.065,0.397,9.380,-0.053,-0.050,-0.200
-4.118,0.345,9.438,-0.058,-0.078,-0.201
-4.166,0.335,9.510,-0.074,-0.088,-0.192
-4.209,0.326,9.629,-0.098,-0.076,-0.175
-4.175,0.283,9.740,-0.120,-0.045,-0.150
-4.128,0.278,9.850,-0.131,-0.003,-0.127

-9.601,-8.562,22.917,-0.203,-0.704,0.101
-9.931,-9.266,23.894,-0.121,-0.738,0.200
-10.013,-9.917,24.794,-0.022,-0.715,0.342
-9.845,-10.520,25.560,0.102,-0.656,0.502
-9.424,-10.985,26.140,0.266,-0.569,0.658
-8.854,-11.411,26.552,0.505,-0.413,0.815
-8.509,-11.770,26.643,0.755,-0.238,0.930
-8.365,-12.038,26.413,1.042,-0.040,1.025
-8.423,-12.215,25.762,1.344,0.150,1.104
-8.672,-12.359,24.703,1.632,0.295,1.167
-8.950,-12.416,23.415,1.898,0.378,1.211
-9.275,-12.412,22.060,2.142,0.381,1.240
-9.653,-12.364,20.672,2.363,0.302,1.265
-10.013,-12.316,19.336,2.560,0.143,1.297
-10.209,-12.201,17.851,2.766,-0.112,1.351
-10.151,-12.072,16.683,2.929,-0.372,1.402
-9.850,-11.918,15.558,3.089,-0.637,1.447
-9.400,-11.741,14.490,3.249,-0.876,1.483
-8.868,-11.435,13.403,3.405,-1.079,1.508
-8.313,-11.061,12.316,3.553,-1.250,1.515
-7.594,-10.654,11.009,3.727,-1.411,1.501
-6.958,-10.233,9.749,3.866,-1.500,1.471
-6.393,-9.744,8.404,3.982,-1.548,1.427
-5.895,-9.146,6.977,4.069,-1.562,1.383
-5.468,-8.504,5.473,4.115,-1.538,1.356
-5.061,-7.791,3.994,4.110,-1.473,1.365
-4.602,-7.053,2.538,4.048,-1.376,1.407
-3.994,-6.235,1.259,3.926,-1.256,1.489
-3.199,-5.464,0.211,3.746,-1.115,1.567
-2.255,-4.697,-0.575,3.532,-0.952,1.632
-1.317,-4.013,-1.125,3.277,-0.761,1.664
-0.148,-3.352,-1.662,3.052,-0.541,1.658
0.608,-2.734,-2.136,2.855,-0.321,1.588
1.149,-2.207,-2.562,2.643,-0.158,1.484
1.494,-1.676,-2.945,2.417,-0.029,1.346
1.480,-1.322,-3.203,2.175,0.034,1.186
1.226,-1.149,-3.151,1.939,0.015,1.025
0.876,-1.135,-2.792,1.724,-0.060,0.886
0.522,-1.216,-2.174,1.553,-0.167,0.776
0.196,-1.365,-1.350,1.439,-0.288,0.693
-0.029,-1.604,-0.431,1.398,-0.413,0.637
-0.239,-1.810,0.431,1.426,-0.536,0.594
-0.426,-1.882,1.154,1.511,-0.653,0.563
-0.613,-1.867,1.662,1.631,-0.746,0.554
-0.804,-1.714,1.867,1.780,-0.807,0.575
-0.848,-1.475,1.719,1.871,-0.826,0.613
-0.824,-1.116,1.389,1.903,-0.851,0.651
-0.546,-0.785,1.106,1.874,-0.881,0.679
-0.124,-0.522,0.915,1.799,-0.891,0.691
0.383,-0.335,0.900,1.693,-0.886,0.674
0.848,-0.124,0.958,1.581,-0.861,0.635
1.216,0.110,1.006,1.451,-0.816,0.581
1.446,0.397,1.058,1.323,-0.762,0.519
1.633,0.651,1.183,1.193,-0.676,0.464
1.652,0.910,1.245,1.068,-0.576,0.421
1.676,1.135,1.346,0.949,-0.495,0.382
1.647,1.365,1.451,0.834,-0.415,0.347
1.633,1.595,1.508,0.721,-0.341,0.320
1.614,1.867,1.542,0.603,-0.273,0.303
1.676,2.083,1.638,0.479,-0.219,0.285
1.834,2.322,1.815,0.351,-0.175,0.256
1.935,2.466,2.054,0.222,-0.153,0.211
1.958,2.519,2.485,0.107,-0.143,0.162
1.939,2.562,2.988,0.022,-0.130,0.112
1.848,2.619,3.433,-0.040,-0.106,0.072
1.753,2.729,3.869,-0.079,-0.074,0.045
1.647,2.840,4.223,-0.101,-0.055,0.022
1.551,2.983,4.482,-0.118,-0.044,-0.004
1.437,3.146,4.659,-0.140,-0.042,-0.034
1.312,3.280,4.798,-0.172,-0.053,-0.073
1.154,3.433,4.946,-0.215,-0.073,-0.120
0.967,3.500,5.133,-0.267,-0.096,-0.163
0.771,3.486,5.444,-0.319,-0.124,-0.202
0.579,3.385,5.856,-0.360,-0.157,-0.233
0.431,3.261,6.373,-0.374,-0.181,-0.253
0.273,3.127,6.900,-0.360,-0.198,-0.262
0.158,3.084,7.350,-0.322,-0.197,-0.264
0.010,3.127,7.681,-0.277,-0.179,-0.265
-0.120,3.199,7.853,-0.242,-0.158,-0.263
-0.239,3.266,7.920,-0.224,-0.140,-0.268
-0.369,3.309,7.997,-0.222,-0.127,-0.280
-0.555,3.323,8.155,-0.230,-0.112,-0.288
-0.790,3.251,8.370,-0.234,-0.113,-0.295
-0.986,3.141,8.614,-0.231,-0.111,-0.290
-1.183,3.031,8.830,-0.220,-0.104,-0.274
-1.322,2.993,9.007,-0.211,-0.098,-0.251
-1.374,2.993,9.165,-0.208,-0.085,-0.226
-1.398,2.954,9.328,-0.215,-0.061,-0.205
-1.437,2.883,9.558,-0.224,-0.021,-0.187
-1.456,2.792,9.802,-0.225,0.022,-0.171
-1.465,2.705,9.989,-0.210,0.065,-0.161
-1.528,2.701,10.051,-0.185,0.110,-0.155
-1.657,2.725,9.984,-0.161,0.148,-0.152
-1.853,2.763,9.922,-0.146,0.164,-0.147
-2.030,2.796,9.864,-0.135,0.159,-0.135
-2.140,2.835,9.835,-0.127,0.143,-0.119
-2.184,2.849,9.821,-0.118,0.123,-0.102
-2.121,2.907,9.816,-0.111,0.102,-0.090
-2.040,2.959,9.821,-0.102,0.083,-0.087
-2.016,2.978,9.787,-0.093,0.071,-0.092

-9.357,-8.600,22.788,0.575,-0.356,0.346
-9.768,-8.787,22.831,0.772,-0.306,0.393
-10.175,-8.997,22.654,0.956,-0.256,0.464
-10.520,-9.199,22.333,1.117,-0.212,0.557
-10.769,-9.409,21.917,1.253,-0.186,0.666
-10.922,-9.701,21.529,1.388,-0.183,0.797
-10.851,-9.888,21.241,1.501,-0.205,0.900
-10.721,-9.974,20.887,1.622,-0.245,0.985
-10.515,-10.089,20.427,1.748,-0.311,1.058
-10.271,-10.142,19.925,1.881,-0.397,1.119
-10.017,-10.099,19.321,2.013,-0.501,1.168
-9.692,-9.965,18.560,2.159,-0.657,1.198
-9.438,-9.912,17.990,2.279,-0.815,1.201
-9.218,-9.869,17.492,2.412,-0.983,1.199
-8.902,-9.720,16.970,2.560,-1.131,1.197
-8.566,-9.486,16.309,2.712,-1.252,1.194
-8.207,-9.208,15.553,2.867,-1.354,1.188
-7.834,-8.954,14.676,3.018,-1.441,1.176
-7.403,-8.691,13.690,3.162,-1.487,1.170
-7.025,-8.408,12.531,3.298,-1.487,1.172
-6.689,-8.068,11.281,3.418,-1.466,1.175
-6.388,-7.690,9.716,3.522,-1.463,1.167
-6.120,-7.307,8.380,3.581,-1.468,1.145
-5.890,-6.914,7.068,3.610,-1.473,1.102
-5.693,-6.536,5.851,3.607,-1.484,1.041
-5.588,-6.120,4.779,3.576,-1.498,0.969
-5.459,-5.602,3.821,3.528,-1.499,0.913
-5.277,-5.061,2.950,3.459,-1.475,0.884
-4.966,-4.477,2.140,3.379,-1.410,0.897
-4.573,-3.917,1.365,3.285,-1.308,0.954
-4.017,-3.352,0.622,3.182,-1.173,1.051
-3.299,-2.710,-0.072,3.063,-1.004,1.166
-2.394,-2.016,-0.843,2.912,-0.798,1.282
-1.465,-1.408,-1.528,2.726,-0.573,1.379
-0.613,-0.939,-2.073,2.521,-0.360,1.447
0.215,-0.551,-2.523,2.307,-0.174,1.483
1.015,-0.172,-2.897,2.088,-0.020,1.473
1.709,0.239,-3.208,1.868,0.101,1.409
2.279,0.651,-3.438,1.650,0.187,1.299
2.624,0.867,-3.443,1.440,0.232,1.143
2.610,0.919,-3.266,1.259,0.241,0.961
2.284,0.819,-2.897,1.106,0.181,0.775
1.719,0.579,-2.251,1.002,0.056,0.615
1.130,0.278,-1.494,0.954,-0.103,0.497
0.694,0.014,-0.713,0.959,-0.260,0.422
0.397,-0.148,-0.067,1.004,-0.392,0.379
0.182,-0.206,0.369,1.065,-0.497,0.355
0.043,-0.120,0.570,1.113,-0.576,0.342
0.005,0.081,0.694,1.122,-0.628,0.340
0.034,0.364,0.747,1.085,-0.659,0.343
0.211,0.656,0.881,1.009,-0.669,0.354
0.508,0.924,1.125,0.916,-0.639,0.369
0.857,1.144,1.355,0.819,-0.574,0.379
1.245,1.350,1.566,0.731,-0.480,0.374
1.523,1.609,1.719,0.643,-0.375,0.351
1.676,1.824,1.877,0.554,-0.265,0.317
1.695,2.073,2.002,0.456,-0.159,0.279
1.609,2.222,2.164,0.349,-0.076,0.238
1.460,2.251,2.437,0.236,-0.016,0.197
1.250,2.246,2.830,0.117,0.016,0.156
1.025,2.164,3.405,0.006,0.022,0.119
0.819,2.011,4.094,-0.077,0.025,0.089
0.570,1.776,4.932,-0.114,0.032,0.069
0.220,1.580,5.818,-0.091,0.038,0.065
-0.120,1.489,6.527,-0.018,0.050,0.076
-0.455,1.575,6.876,0.074,0.057,0.095
-0.742,1.757,7.029,0.164,0.046,0.116
-0.867,1.973,7.034,0.242,0.016,0.136
-0.857,2.184,6.919,0.305,-0.023,0.150
-0.795,2.399,6.694,0.352,-0.070,0.155
-0.680,2.600,6.455,0.378,-0.124,0.152
-0.575,2.820,6.187,0.380,-0.188,0.139
-0.460,3.031,5.928,0.354,-0.263,0.122
-0.330,3.199,5.780,0.300,-0.335,0.098
-0.182,3.333,5.804,0.223,-0.395,0.072
0.000,3.414,6.014,0.135,-0.425,0.040
0.129,3.476,6.349,0.049,-0.421,0.003
0.129,3.510,6.632,-0.033,-0.391,-0.037
0.014,3.505,6.953,-0.111,-0.344,-0.074
-0.196,3.448,7.264,-0.184,-0.287,-0.105
-0.450,3.371,7.633,-0.246,-0.221,-0.122
-0.718,3.299,8.011,-0.297,-0.158,-0.131
-0.953,3.251,8.322,-0.337,-0.103,-0.130
-1.120,3.184,8.576,-0.376,-0.053,-0.121
-1.259,3.117,8.787,-0.412,-0.016,-0.113
-1.317,2.983,9.026,-0.440,0.009,-0.105
-1.389,2.816,9.352,-0.445,0.022,-0.102
-1.451,2.658,9.697,-0.421,0.034,-0.100
-1.590,2.562,9.969,-0.372,0.043,-0.095
-1.796,2.543,10.080,-0.315,0.046,-0.081
-1.973,2.595,10.056,-0.270,0.046,-0.056
-2.059,2.677,9.998,-0.245,0.037,-0.023
-1.954,2.753,10.056,-0.237,0.023,0.014
-1.709,2.806,10.195,-0.234,0.019,0.042
-1.441,2.820,10.396,-0.222,0.035,0.061
-1.264,2.796,10.635,-0.192,0.065,0.071
-1.149,2.758,10.836,-0.144,0.107,0.075
-1.140,2.753,10.827,-0.091,0.153,0.070
-1.211,2.772,10.678,-0.044,0.193,0.059
-1.379,2.796,10.520,-0.008,0.218,0.045

-9.079,-8.107,23.104,0.349,0.293,0.953
-9.026,-8.399,23.257,0.451,0.347,0.992
-9.131,-8.739,23.348,0.589,0.372,1.006
-9.380,-9.108,23.248,0.763,0.357,1.003
-9.831,-9.385,22.836,0.960,0.303,1.001
-10.343,-9.601,22.213,1.158,0.218,1.017
-10.755,-9.783,21.510,1.391,0.108,1.073
-11.167,-9.692,20.662,1.502,-0.014,1.128
-11.090,-9.773,19.819,1.601,-0.164,1.187
-10.942,-9.754,19.149,1.694,-0.274,1.221
-10.745,-9.697,18.493,1.800,-0.419,1.224
-10.515,-9.634,17.837,1.920,-0.566,1.205
-10.343,-9.534,17.018,2.054,-0.727,1.172
-10.151,-9.357,16.027,2.190,-0.887,1.136
-9.979,-9.122,14.887,2.303,-1.018,1.117
-9.835,-8.916,13.800,2.386,-1.111,1.123
-9.658,-8.873,12.804,2.479,-1.194,1.167
-9.352,-8.887,12.100,2.581,-1.238,1.229
-8.787,-8.868,11.286,2.714,-1.235,1.297
-8.135,-8.696,10.171,2.865,-1.176,1.336
-7.590,-8.394,8.839,3.017,-1.096,1.346
-7.264,-7.982,7.331,3.148,-1.029,1.331
-7.082,-7.484,5.732,3.237,-0.972,1.308
-7.010,-6.867,4.175,3.274,-0.930,1.304
-6.886,-6.225,2.768,3.251,-0.904,1.335
-6.551,-5.559,1.551,3.179,-0.888,1.405
-5.923,-4.879,0.527,3.064,-0.867,1.492
-5.033,-4.228,-0.259,2.915,-0.826,1.574
-3.960,-3.663,-0.795,2.750,-0.760,1.631
-2.911,-3.156,-1.173,2.578,-0.663,1.648
-2.011,-2.720,-1.379,2.414,-0.553,1.633
-1.283,-2.332,-1.494,2.270,-0.456,1.606
-0.646,-1.906,-1.561,2.147,-0.382,1.559
-0.077,-1.398,-1.676,2.038,-0.331,1.501
0.436,-0.915,-1.762,1.937,-0.306,1.427
0.943,-0.493,-1.791,1.845,-0.304,1.333
1.384,-0.048,-1.781,1.749,-0.323,1.194
1.633,0.287,-1.800,1.662,-0.365,1.058
1.738,0.599,-1.748,1.583,-0.427,0.920
1.776,0.814,-1.633,1.501,-0.502,0.790
1.709,0.948,-1.369,1.426,-0.586,0.679
1.614,1.053,-1.049,1.368,-0.669,0.591
1.551,1.154,-0.713,1.324,-0.732,0.532
1.528,1.192,-0.340,1.291,-0.761,0.505
1.556,1.173,0.005,1.276,-0.753,0.502
1.657,1.173,0.235,1.268,-0.721,0.504
1.767,1.250,0.373,1.251,-0.661,0.496
1.810,1.379,0.378,1.213,-0.604,0.472
1.867,1.518,0.402,1.146,-0.552,0.433
1.853,1.614,0.464,1.057,-0.495,0.383
1.757,1.662,0.527,0.951,-0.451,0.325
1.652,1.695,0.627,0.831,-0.420,0.266
1.551,1.767,0.747,0.699,-0.395,0.205
1.437,1.848,0.996,0.561,-0.368,0.149
1.298,1.877,1.456,0.439,-0.323,0.108
1.164,1.911,1.982,0.349,-0.254,0.083
0.982,1.963,2.495,0.285,-0.168,0.072
0.790,1.963,2.993,0.250,-0.087,0.076
0.627,2.069,3.357,0.233,-0.012,0.082
0.431,2.203,3.577,0.221,0.053,0.082
0.230,2.289,3.768,0.208,0.098,0.078
-0.019,2.365,3.898,0.193,0.121,0.072
-0.230,2.404,4.037,0.173,0.127,0.071
-0.345,2.428,4.104,0.153,0.112,0.074
-0.378,2.514,4.199,0.131,0.076,0.072
-0.359,2.610,4.310,0.099,0.019,0.057
-0.354,2.744,4.477,0.054,-0.055,0.027
-0.345,2.811,4.831,0.005,-0.138,-0.014
-0.354,2.854,5.234,-0.041,-0.215,-0.061
-0.412,2.830,5.669,-0.075,-0.278,-0.109
-0.532,2.811,6.053,-0.099,-0.329,-0.155
-0.675,2.801,6.383,-0.118,-0.365,-0.195
-0.886,2.753,6.718,-0.136,-0.385,-0.223
-1.101,2.715,6.986,-0.155,-0.394,-0.240
-1.293,2.658,7.245,-0.172,-0.399,-0.251
-1.413,2.567,7.513,-0.190,-0.384,-0.251
-1.528,2.547,7.709,-0.208,-0.354,-0.242
-1.628,2.500,7.939,-0.226,-0.329,-0.230
-1.676,2.490,8.179,-0.240,-0.301,-0.216
-1.757,2.476,8.380,-0.254,-0.264,-0.204
-1.844,2.428,8.581,-0.271,-0.222,-0.195
-1.968,2.385,8.739,-0.292,-0.180,-0.184
-2.126,2.313,8.983,-0.310,-0.149,-0.172
-2.322,2.198,9.266,-0.316,-0.115,-0.149
-2.495,2.116,9.538,-0.304,-0.083,-0.116
-2.629,2.088,9.682,-0.287,-0.042,-0.072
-2.658,2.145,9.778,-0.269,-0.007,-0.023
-2.562,2.217,9.802,-0.262,0.032,0.022
-2.389,2.279,9.902,-0.260,0.072,0.054
-2.246,2.274,9.998,-0.256,0.112,0.069
-2.198,2.298,10.118,-0.247,0.143,0.069
-2.222,2.322,10.185,-0.232,0.165,0.063
-2.313,2.327,10.233,-0.211,0.181,0.055
-2.413,2.332,10.209,-0.185,0.186,0.053
-2.500,2.385,10.094,-0.157,0.179,0.051
-2.557,2.456,9.974,-0.135,0.160,0.048
-2.519,2.490,9.888,-0.115,0.127,0.041
-2.490,2.509,9.845,-0.096,0.096,0.029
-2.509,2.509,9.816,-0.074,0.068,0.013
-2.591,2.490,9.797,-0.054,0.049,0.002
